{
    "envType": "prod",
    "exemptedRoutes": ["/main.js", "/vendor.js", "/scripts.js", "/styles.js", "polyfills.js", "runtime.js"],
    "dbConfigs": {
        "protocol": "mongodb",
        "host": "mlwlite-backenddb-prod.mongo.cosmos.azure.com",
        "port": 10255,
        "dbName": "mlw-lite",
        
        "username": "mlwlite-backenddb-prod",
        "password": "hEzW01OlR00yfQ75ZgkMu31EePmXrFBXvzZqFBl2xPQqb2R3R5bft0XOgI4Bn8PSHyEUy2fxPKEB1DShq59Ltw=="
        
    },
    "gmailSender": {
        "username": "mlworkslite@gmail.com",
        "password": "Tredence@123"
    },
    "outlookSender": {
        "username": "mlworks@tredence.com",
        "password": ""
    },
    "emailFrom": "mlworks@tredence.com",
    "keyVault": {
        "tenantId": "927e65b8-7ad7-48db-a3c6-c42a67c100d6",
        "clientId": "06d62239-19e3-4a8c-b1b6-2aa2cf3b762f",
        "clientSecret": "6NVm--PR8I4Zwr-ar~vt3YkbnlaQ1FW-~l",
        "vaultName": "MLWLite-KV-PROD",
        "secretName": "genericEmail",
        "vaultUrl": "https://mlwlite-kv-prod.vault.azure.net/"
    },
    "dagUrl": "https://mlwlite-airflow-app-prod.azurewebsites.net/",
    "storage": {
        "connectionString": "DefaultEndpointsProtocol=https;AccountName=mlwlitestorageprod;AccountKey=SrTDii6bumt27u+IPZeY+gx7lwwmi2Cmhjn872h7ldSYZmKZlsSuRwM18l9O0RVrmIGxBjHVqR3xx7n6o/h2xw==;EndpointSuffix=core.windows.net",
        "containerName": "mlwlite"
    },
    "baseUrl": {
        "pythonService": "https://mlwlite-python-app-prod.azurewebsites.net"
    },
    "appPort": 5000
}
