{
    "envType": "qa",
    "exemptedRoutes": ["/main.js", "/vendor.js", "/scripts.js", "/styles.js", "polyfills.js", "runtime.js"],
    "dbConfigs": {
        "protocol": "mongodb",
        "host": "mlwlite-backenddb-qa.mongo.cosmos.azure.com",
        "port": 10255,
        "dbName": "mlw-lite",
        
        "username": "mlwlite-backenddb-qa",
        "password": "veZVpj0uGmLdDZjcWf7VCOgSEJxVMEY6iK087afKvcMpcjDV96v2p037xV4LtNhTSZF3IXMt0quZbtnOYQHWRw=="
        
    },
    "gmailSender": {
        "username": "mlworkslite@gmail.com",
        "password": "Tredence@123"
    },
    "outlookSender": {
        "username": "mlworks@tredence.com",
        "password": ""
    },
    "emailFrom": "mlworks@tredence.com",
    "keyVault": {
        "tenantId": "927e65b8-7ad7-48db-a3c6-c42a67c100d6",
        "clientId": "b1ba7c44-f5ac-4a67-9172-675660715f9e",
        "clientSecret": "R.vS_M__~XLgc2PQ~KUw52~IzEs~P3d94~",
        "vaultName": "MLWLite-KV-QA",
        "secretName": "genericEmail",
        "vaultUrl": "https://mlwlite-kv-qa.vault.azure.net/"
    },
    "dagUrl": "http://mlwlite-airflow-app-qa.azurewebsites.net/",
    "storage": {
        "connectionString": "DefaultEndpointsProtocol=https;AccountName=mlwlitestorageqa;AccountKey=pLcKB3SJaRtIdCUgQDsdCzjNMuJd94rE0Ra5Ezh5q2SqKnQgFgboS4X8GK9tD0RqGeORjpeTW3vhRfU8C7sQjw==;EndpointSuffix=core.windows.net",
        "containerName": "mlwlite"
    },
    "baseUrl": {
        "pythonService": "https://mlwlite-qa-python-app.azurewebsites.net"
    },
    "appPort": 5000
}